Type of plastic,Catalyst used,Feed Quantity,Feed to catalyst ratio,Surface area (m2/g),Pore dia (Ã…),Pore volume (cm3/g),Calcination temperature (0C),Calcination time (min),Temperature (0C),Inert gas flow rate (mL/min),Residence time (min),Heating rate (0C/min),C (%),H (%),N (%),S (%),O (%),Volatile matter (%),Moisture (%),Ash (%),Fixed Carbon (%),HHV of feed (MJ/kg),HHV of oil (MJ/kg),Oil yield (%),Gas yield (%),Wax(%),SolidResidue/Coke(%),CO (vol. %),CO2 (vol. %),H2 (vol. %),CH4 (vol. %),Reference
HDPE,,,10,397,5,0.178,500,120,450,1500,4,,85.5,14.4,0,0,0.1,99.1,0,0.8,0.1,47.22,42.332,56,24,,,7.1,0.8,81.3,6.52,1
PP,,,10,397,5,0.178,500,120,450,1500,4,,85.3,14.3,0,0,0.4,99.3,0.1,0.1,0.5,46.68,43.138,48,40,,,7.2,0.8,78.4,8.6,1
WPP,kaolin,,1,51.66,95.1,0.441,500,180,500,80,30,5,,,,,,,,,,,,78.33,20.02,,,,,,,2
PS,bentonite clay,,0.05,47,109,0.13,,,500,10,10,10,,,,,,,,,,,44.547,88.5,,,,,,,,3
PS,bentonite clay,,0.1,47,109,0.13,,,500,10,10,10,,,,,,,,,,,44.459,87.9,,,,,,,,3
PS,bentonite clay,,0.15,47,109,0.13,,,500,10,10,10,,,,,,,,,,,44.696,88.1,,,,,,,,3
PS,bentonite clay,,0.2,47,109,0.13,,,500,10,10,10,,,,,,,,,,,44.769,88.2,,,,,,,,3
LDPE,bentonite clay,,0.05,47,109,0.13,,,500,10,10,10,,,,,,,,,,,44.121,86.6,,,,,,,,3
LDPE,bentonite clay,,0.1,47,109,0.13,,,500,10,10,10,,,,,,,,,,,44.251,87,,,,,,,,3
LDPE,bentonite clay,,0.15,47,109,0.13,,,500,10,10,10,,,,,,,,,,,44.395,86.9,,,,,,,,3
LDPE,bentonite clay,,0.2,47,109,0.13,,,500,10,10,10,,,,,,,,,,,44.436,87.6,,,,,,,,3
PP,bentonite clay,,0.05,47,109,0.13,,,500,10,10,10,,,,,,,,,,,44.659,90.2,,,,,,,,3
PP,bentonite clay,,0.1,47,109,0.13,,,500,10,10,10,,,,,,,,,,,44.763,90.5,,,,,,,,3
PP,bentonite clay,,0.15,47,109,0.13,,,500,10,10,10,,,,,,,,,,,44.776,90,,,,,,,,3
PP,bentonite clay,,0.2,47,109,0.13,,,500,10,10,10,,,,,,,,,,,44.896,89.9,,,,,,,,3
HDPE,bentonite clay,,0.05,47,109,0.13,,,500,10,10,10,,,,,,,,,,,44.191,88.7,,,,,,,,3
HDPE,bentonite clay,,0.1,47,109,0.13,,,500,10,10,10,,,,,,,,,,,44.351,88.4,,,,,,,,3
HDPE,bentonite clay,,0.15,47,109,0.13,,,500,10,10,10,,,,,,,,,,,44.661,88.9,,,,,,,,3
HDPE,bentonite clay,,0.2,47,109,0.13,,,500,10,10,10,,,,,,,,,,,44.75,88.7,,,,,,,,3
LDPE,H-Y zeolite,,2,594,,,500,600,500,25,43.75,10,,,,,,,,,,,,,57.57,,,,,,,5
HDPE,H-Y zeolite,,2,594,,,500,600,500,25,43.75,10,,,,,,,,,,,,,50.63,,,,,,,5
PS,H-Y zeolite,,2,594,,,500,600,500,25,43.75,10,,,,,,,,,,,,,3.21,,,,,,,5
PP,H-Y zeolite,,2,594,,,500,600,500,25,43.75,10,,,,,,,,,,,,95.8,70.79,,,,,,,5
PS,Natural Zeolite,,10,3.21,8.34,0.012,,,450,50,75,10,,,,,,,,,,,,54,12.8,,,,,,,7
PE,Natural Zeolite,,10,3.21,8.34,0.012,,,450,50,75,10,,,,,,,,,,,,16,34.2,,,,,,,7
PP,Natural Zeolite,,10,3.21,8.34,0.012,,,450,50,75,10,,,,,,,,,,,,14,75.4,,,,,,,7
PS,Synthetic Zeolite,,10,900,24.65,,,,450,50,75,10,,,,,,,,,,,,50,22.8,,,,,,,7
PE,Synthetic Zeolite,,10,900,24.65,,,,450,50,75,10,,,,,,,,,,,,16,34.2,,,,,,,7
PP,Synthetic Zeolite,,10,900,24.65,,,,450,50,75,10,,,,,,,,,,,,14,75.4,,,,,,,7
PP,kaolin,,1,51.66,95.1,0.441,500,180,500,80,30,5,,,,,,,,,,,,78.33,20.02,,,,,,,9
PP,kaolin,,2,51.66,95.1,0.441,500,180,500,80,30,5,,,,,,,,,,,,80.75,17.55,,,,,,,9
PP,kaolin,,4,51.66,95.1,0.441,500,180,500,80,30,5,,,,,,,,,,,,79,19,,,,,,,9
PP,kaolin,,6,51.66,95.1,0.441,500,180,500,80,30,5,,,,,,,,,,,,76.67,21.33,,,,,,,9
PP,kaolin,,8,51.66,95.1,0.441,500,180,500,80,30,5,,,,,,,,,,,,74.4,23.52,,,,,,,9
PP,haematite,,1,29.62,284.6,0.197,500,180,500,80,30,5,,,,,,,,,,,,68.4,28.95,,,,,,,9
PP,haematite,,2,29.62,284.6,0.197,500,180,500,80,30,5,,,,,,,,,,,,70,27.33,,,,,,,9
PP,haematite,,4,29.62,284.6,0.197,500,180,500,80,30,5,,,,,,,,,,,,67.5,29.67,,,,,,,9
PP,haematite,,6,29.62,284.6,0.197,500,180,500,80,30,5,,,,,,,,,,,,66.7,30.3,,,,,,,9
PP,haematite,,8,29.62,284.6,0.197,500,180,500,80,30,5,,,,,,,,,,,,66.67,29.67,,,,,,,9
PP,white sand,,1,37.82,202.9,0.217,500,180,500,80,30,5,,,,,,,,,,,,68,29.24,,,,,,,9
PP,white sand,,2,37.82,202.9,0.217,500,180,500,80,30,5,,,,,,,,,,,,67.5,29.64,,,,,,,9
PP,white sand,,4,37.82,202.9,0.217,500,180,500,80,30,5,,,,,,,,,,,,61.67,34.79,,,,,,,9
PP,white sand,,6,37.82,202.9,0.217,500,180,500,80,30,5,,,,,,,,,,,,56.67,39.66,,,,,,,9
PP,white sand,,8,37.82,202.9,0.217,500,180,500,80,30,5,,,,,,,,,,,,51.67,44,,,,,,,9
LDPE,mortar cement catalyst ,,999,0.91,1168.5,0.0037,500,,410,1000,120,,,,,,,,,,,,,48.44,50.81,,,,,,,6
LDPE,mortar cement catalyst ,,332.33,0.91,1168.5,0.0037,500,,410,1000,120,,,,,,,,,,,,,86.67,12.49,,,,,,,6
LDPE,mortar cement catalyst ,,199,0.91,1168.5,0.0037,500,,410,1000,120,,,,,,,,,,,,,42.22,57.24,,,,,,,6
LDPE,mortar cement catalyst ,,99,0.91,1168.5,0.0037,500,,410,1000,120,,,,,,,,,,,,,90,8.83,,,,,,,6
LDPE,mortar cement catalyst ,,332.33,0.91,1168.5,0.0037,500,,370,1000,120,,,,,,,,,,,,,32.22,36.58,,,,,,,6
LDPE,mortar cement catalyst ,,332.33,0.91,1168.5,0.0037,500,,390,1000,120,,,,,,,,,,,,,48.89,47.67,,,,,,,6
LDPE,mortar cement catalyst ,,332.33,0.91,1168.5,0.0037,500,,430,1000,120,,,,,,,,,,,,,33.89,65.45,,,,,,,6
LDPE,mortar cement catalyst ,,332.33,0.91,1168.5,0.0037,500,,450,1000,120,,,,,,,,,,,,,35.56,63.77,,,,,,,6
LDPE,ZSM-5,,99,340,25,0.17,,,410,1000,120,,,,,,,,,,,,,66.73,30.37,,,,,,,6
LDPE,FCC,,99,298,,0.34,,,410,1000,120,,,,,,,,,,,,,73.33,20.73,,,,,,,6
LDPE,LTA Zeolite,,4,6.018,3.43,0.001,,,600,400,60,5,86.4,14.7,0,0,0,100,0,0,0,32.95,,3.4,65,30.6,,,,,,8
LDPE,Spent FCC,,4,138.02,43.525,0.15,,,600,400,60,5,86.4,14.7,0,0,0,100,0,0,0,32.95,,33.6,60,6.4,,,,,,8
LDPE,MgO,,4,129.212,112.012,0.362,,,600,400,60,5,86.4,14.7,0,0,0,100,0,0,0,32.95,,3.44,52,39.56,,,,,,8
HDPE,LTA Zeolite,,4,6.018,3.43,0.001,,,600,400,60,5,86.4,14.6,0,0,0,100,0,0,0,32.95,,0,49,49,,,,,,8
HDPE,Spent FCC,,4,138.02,43.525,0.15,,,600,400,60,5,86.4,14.6,0,0,0,100,0,0,0,32.95,,17.15,51,31.85,,,,,,8
HDPE,MgO,,4,129.212,112.012,0.362,,,600,400,60,5,86.4,14.6,0,0,0,100,0,0,0,32.95,,15.5,44,34.5,,,,,,8
PP,LTA Zeolite,,4,6.018,3.43,0.001,,,600,400,60,5,86.4,14.7,0,0,0,100,0,0,0,32.95,,23.76,64,12.24,,,,,,8
PP,Spent FCC,,4,138.02,43.525,0.15,,,600,400,60,5,86.4,14.7,0,0,0,100,0,0,0,32.95,,22.26,58,19.74,,,,,,8
PP,MgO,,4,129.212,112.012,0.362,,,600,400,60,5,86.4,14.7,0,0,0,100,0,0,0,32.95,,15.12,54,8.88,,,,,,8
PS,Red Mud,,6.67,,,,,,350,1000,,5,,,,,,,,,,,,93,6,,,1.4,1.8,0.3,8.2,10
PS,Red Mud,,6.67,,,,,,400,1000,,5,,,,,,,,,,,,86,13.2,,,0.9,2.4,0.4,11.2,10
PS,Red Mud,,6.67,,,,,,450,1000,,5,,,,,,,,,,,,80,19.3,,,0.7,2,0.6,12,10
HDPE,ZAP USY,10,540,,,0.09,,,430,,10,,52.1,10.7,,,,,,,,,44.4,62.7,,32.8,,,,,,2
LDPE,ZAP USY,10,540,,,0.09,,,430,,10,,54,8.6,,,,,,,,,43.2,65.5,,31.8,,,,,,2
PP,ZAP USY,10,540,,,0.09,,,430,,10,,53,8.1,,,,,,,,,43.5,59.9,,34.7,,,,,,2
PS,ZAP USY,10,540,,,0.09,,,430,,10,,54.8,5.3,,,,,,,,,40.1,81.5,,8.3,,,,,,2
PP,Sulphated Zirconium hydroxide,,19,210,,,500,240,500,,54.5,20,,,,,,,,,,,,83,15,0,,,,,,12
PP,Sulphated Zirconium hydroxide,,9,210,,,500,240,500,,51,20,,,,,,,,,,,,84.1,14.5,0,,,,,,12
PP,Sulphated Zirconium hydroxide,,4,210,,,500,240,500,,47.5,20,,,,,,,,,,,,82,15,0,,,,,,12
PP,Sulphated Zirconium hydroxide,,2,210,,,500,240,500,,44,20,,,,,,,,,,,,77.5,21,0,,,,,,12
LDPE,Sulphated Zirconium hydroxide,,19,210,,,500,240,500,,80,20,,,,,,,,,,,,77,21,0,,,,,,12
LDPE,Sulphated Zirconium hydroxide,,9,210,,,500,240,500,,72.5,20,,,,,,,,,,,,82,16,0,,,,,,12
LDPE,Sulphated Zirconium hydroxide,,4,210,,,500,240,500,,70,20,,,,,,,,,,,,71,25,0,,,,,,12
LDPE,Sulphated Zirconium hydroxide,,2,210,,,500,240,500,,65,20,,,,,,,,,,,,65,27,0,,,,,,12
HDPE,Sulphated Zirconium hydroxide,,19,210,,,500,240,500,,69,20,,,,,,,,,,,,77.5,20,0,,,,,,12
HDPE,Sulphated Zirconium hydroxide,,9,210,,,500,240,500,,65,20,,,,,,,,,,,,78.9,19,0,,,,,,12
HDPE,Sulphated Zirconium hydroxide,,4,210,,,500,240,500,,57.5,20,,,,,,,,,,,,76,19,0,,,,,,12
HDPE,Sulphated Zirconium hydroxide,,2,210,,,500,240,500,,51,,,,,,,,,,,,,70,25,0,,,,,,12
LDPE,CAC2,,0.5,891.12,23.56,0.52,,,430,70,20,,,,,,,,,,,,,43,10.9,0,,,,,,11
LDPE,CAC2,,0.5,891.12,23.56,0.52,,,500,70,20,,,,,,,,,,,,,70.8,25.3,0,,,,,,11
LDPE,CAC2,,0.5,891.12,23.56,0.52,,,500,70,20,,,,,,,,,,,,,72.5,23.5,0,,,,,,11
LDPE,CAC2,,0.5,891.12,23.56,0.52,,,500,70,20,,,,,,,,,,,,,72,23.7,0,,,,,,11
LDPE,CAC2,,0.5,891.12,23.56,0.52,,,500,70,20,,,,,,,,,,,,,71.5,24.5,0,,,,,,11
LDPE,CAC2,,0.5,891.12,23.56,0.52,,,500,70,20,,,,,,,,,,,,,71.1,24.8,0,,,,,,11
LDPE,CAC2,,0.5,891.12,23.56,0.52,,,500,70,20,,,,,,,,,,,,,73.6,20.1,0,,,,,,11
LDPE,CAC2,,0.5,891.12,23.56,0.52,,,500,70,20,,,,,,,,,,,,,77,16.5,0,,,,,,11
LDPE,CAC2,,0.5,891.12,23.56,0.52,,,500,70,20,,,,,,,,,,,,,80.5,12.6,0,,,,,,11
LDPE,CAC2,,0.5,891.12,23.56,0.52,,,571,70,20,,,,,,,,,,,,,54,44.8,0,,,,,,11
LDPE,CAC2,,0.5,891.12,23.56,0.52,,,525,70,20,,,,,,,,,,,,,63.5,31.5,0,,,,,,11
LDPE,CAC2,,0.5,891.12,23.56,0.52,,,550,70,20,,,,,,,,,,,,,58.5,36,0,,,,,,11
LDPE,CAC2,,0.4,891.12,23.56,0.52,,,450,70,20,,,,,,,,,,,,,38.5,12.2,0,,,,,,11
LDPE,CAC2,,0.66,891.12,23.56,0.52,,,450,70,20,,,,,,,,,,,,,51.5,11,0,,,,,,11
LDPE,CAC2,,0.369,891.12,23.56,0.52,,,500,70,20,,,,,,,,,,,,,71.1,24.7,0,,,,,,11
LDPE,CAC2,,0.769,891.12,23.56,0.52,,,500,70,20,,,,,,,,,,,,,73,23.8,0,,,,,,11
LDPE,CAC2,,0.66,891.12,23.56,0.52,,,550,70,20,,,,,,,,,,,,,64.4,33.3,0,,,,,,11
LDPE,CAC2,,0.4,891.12,23.56,0.52,,,550,70,20,,,,,,,,,,,,,58.1,38.8,0,,,,,,11
LDPE,CAC2,,1.66,891.12,23.56,0.52,,,500,70,20,,,,,,,,,,,,,0,14,84,,,,,,11
LDPE,CAC2,,0.4,891.12,23.56,0.52,,,500,70,20,,,,,,,,,,,,,70.4,24.5,0,,,,,,11
HDPE,HZSM-5,2,1,365.81,38.7,0.2291,600,60,500,50,20,10,,,,,,,,,,,,61,27,0,,,,,,13
HDPE,CaO,2,1,3.8,35.8,0.0063,600,60,500,50,20,10,,,,,,,,,,,,78,12,0,,,,,,13
HDPE,WCE,2,1,8.72,38.7,0.0156,600,60,500,50,20,10,,,,,,,,,,,,80,13,0,,,,,,13
HDPE,WCE/HZSM-5,2,1,292.14,38.8,0.2663,600,60,500,50,20,10,,,,,,,,,,,,63,24,0,,,,,,13
HDPE,Ni/HZSM-5,2,1,288.44,38.3,0.2687,600,60,500,50,20,10,,,,,,,,,,,,44,41,0,,,,,,13
HDPE,Ni-WCE/HZSM-5,2,1,292.1,38.6,0.2621,600,60,500,50,20,10,,,,,,,,,,,,50,35,0,,,,,,13
PP,15 Fe,1,1.33,620.31,35.3,0.22,800,120,500,50,40,,,,,,,,,,,,,2.33,94.02,0,,24,7,63,6,15
PP,10Fe-5Ni,1,1.33,581.37,40.1,0.14,800,120,500,50,40,,,,,,,,,,,,,3.41,92.13,0,,17,10,60,7,15
PP,7.5Fe-7.5Fe,1,1.33,594.53,44.1,0.28,800,120,500,50,40,,,,,,,,,,,,,1.17,95.97,0,,18,7,65,7,15
PP,5Fe-10Ni,1,1.33,610.76,35,0.33,800,120,500,50,40,,,,,,,,,,,,,0.68,97.88,0,,15,7,67,6,15
PP,15Ni,1,1.33,635.92,32.3,0.26,800,120,500,50,40,,,,,,,,,,,,,0.71,97.45,0,,16,6,66,7,15
PP,kaolin,,1,,,,,,450,,30,30,83.65,14.27,0.67,0.1,0.15,93.77,0.16,4.45,1.62,45.2,,69.75,16.24,0,,,,,,17
PP,kaolin,,2,,,,,,450,,30,30,83.65,14.27,0.67,0.1,0.15,93.77,0.16,4.45,1.62,45.2,,72.52,17.06,0,,,,,,17
PP,kaolin,,3,,,,,,450,,30,30,83.65,14.27,0.67,0.1,0.15,93.77,0.16,4.45,1.62,45.2,46.479,79.85,18.67,0,,,,,,17
PP,kaolin,,4,,,,,,450,,30,30,83.65,14.27,0.67,0.1,0.15,93.77,0.16,4.45,1.62,45.2,,76.49,21.52,0,,,,,,17
PE,CFA,,2,,,,,,,,30,,84,13.8,1.8,,0.85,98.6,0.27,0.9,0.21,,,36.2,33.9,0,,4,15,13,13,100
PE,NAX/CFA,,2,,,,,,,,30,,84,13.8,1.8,,0.85,98.6,0.27,0.9,0.21,,,18,42,0,,2.4,7.8,24,15,100
PE,HX/CFA,,2,,,,,,,,30,,84,13.8,1.8,,0.85,98.6,0.27,0.9,0.21,,,44,31,0,,5,17,30,8,100
LDPE,K325-1,100,9,7.221,179.07,0.03,,,600,100,60,10,85.2,14.1,0,0.2,0.5,99.9,0,0.03,0.07,,,74,26,0,,2,0,24,74,21
LDPE,K800-1,100,9,1.598,386.91,0.031,,,600,100,60,10,85.2,14.1,0,0.2,0.5,99.9,0,0.03,0.07,,,73,27,0,,0.5,2,28.5,69,21
LDPE,K1250-1,100,9,3.929,38.12,0.014,,,600,100,60,10,85.2,14.1,0,0.2,0.5,99.9,0,0.03,0.07,,,74,26,0,,0.5,2,29.5,68,21
LDPE,K1250-2,100,9,,,,,,600,100,60,10,85.2,14.1,0,0.2,0.5,99.9,0,0.03,0.07,,,75,25,0,,0,0,25,75,21
LDPE,K1250-3,100,9,,,,,,600,100,60,10,85.2,14.1,0,0.2,0.5,99.9,0,0.03,0.07,,,70,30,0,,0,0.5,24,75.5,21
LDPE,K1250-4,100,9,1.607,213.24,0.004,,,600,100,60,10,85.2,14.1,0,0.2,0.5,99.9,0,0.03,0.07,,,71,29,0,,0,0,24,76,21
HDPE,NCM,206.185,32.33,72.6,,,,,400,16.667,60,,,,,,,,,,,,,5.3,4.1,0,,,,,,23
HDPE,FCC,206.185,32.33,148.1,,,,,400,16.667,60,,,,,,,,,,,,,15.8,5.3,0,,,,,,23
HDPE,HZSM-5,206.185,32.33,300.1,,,,,400,16.667,60,,,,,,,,,,,,,14.3,12,0,,,,,,23
HDPE,NCM,206.185,32.33,72.6,,,,,420,16.667,60,,,,,,,,,,,,,28.2,5.8,0,,,,,,23
HDPE,FCC,206.185,32.33,148.1,,,,,420,16.667,60,,,,,,,,,,,,,30.4,5.5,0,,,,,,23
HDPE,HZSM-5,206.185,32.33,300.1,,,,,420,16.667,60,,,,,,,,,,,,,28.9,15.7,0,,,,,,23
HDPE,NCM,206.185,32.33,72.6,,,,,450,16.667,60,,,,,,,,,,,,,78.5,6.3,0,,,,,,23
HDPE,FCC,206.185,32.33,148.1,,,,,450,16.667,60,,,,,,,,,,,,,82.5,6.3,0,,,,,,23
HDPE,HZSM-5,206.185,32.33,300.1,,,,,450,16.667,60,,,,,,,,,,,,,81,15.1,0,,,,,,23
PS,TA-NZ,1000,10,,,,550,,450,50,75,10,,,,,,,,,,,41.7,70,14.2,,,,,,,14
PS,AA-NZ,1000,10,,,,,,450,50,75,10,,,,,,,,,,,42.1,60,15.4,,,,,,,14
PP,TA-NZ,1000,10,,,,550,,450,50,75,10,,,,,,,,,,,43.4,40,41.1,,,,,,,14
PP,AA-NZ,1000,10,,,,,,450,50,75,10,,,,,,,,,,,42.9,54,26.1,,,,,,,14
PE,TA-NZ,1000,10,,,,550,,450,50,75,10,,,,,,,,,,,42.9,40,47,,,,,,,14
PE,AA-NZ,1000,10,,,,,,450,50,75,10,,,,,,,,,,,43.5,42,50.8,,,,,,,14
LDPE,HZSM-5,,2,,,0.17,550,240,550,20,20,,,,,,,,,,,,,,,,,,,,,48
LDPE,HB,,2,,,0.41,550,240,550,20,20,,,,,,,,,,,,,,,,,,,,,48
LDPE,HY,,2,,,0.33,550,240,550,20,20,,,,,,,,,,,,,,,,,,,,,48
LDPE,MCM-41,,2,,,1.08,550,240,550,20,20,,,,,,,,,,,,,,,,,,,,,48
HDPE,Fly Ash,1,20,,,,,,145,,68,,,,,,,,,,,,,50.84,24.16,,,,,,,49
HDPE,Fly Ash,1,10,,,,,,120,,56,,,,,,,,,,,,,46.4,33.6,,,,,,,49
HDPE,Fly Ash,1,6.66,,,,,,100,,54,,,,,,,,,,,,,44,41,,,,,,,49
HDPE,HZSM-5,,10,341,,0.16,,,300,150,,5,,,,,,,,,,,,17.3,72.6,,0.7,,,,,50
HDPE,HUSY,,10,614,7.4,0.29,,,300,150,,5,,,,,,,,,,,,41,39.5,,1.9,,,,,50
LDPE,HZSM-5,,10,341,,0.16,,,300,150,,5,,,,,,,,,,,,18.3,70.7,,0.5,,,,,50
LDPE,HUSY,,10,614,7.4,0.29,,,300,150,,5,,,,,,,,,,,,61.6,34.5,,1.9,,,,,50
HDPE,undoped BaTiO3,,199,98.53,127.03,0.24,950,240,350,,30,5,84.74,11.65,0.02,0.66,2.93,99.81,0,0.18,0.01,,,78.34,0.5,0,21.16,,,,,24
HDPE,undoped BaTiO3,,99,98.53,127.03,0.24,950,240,350,,30,5,84.74,11.65,0.02,0.66,2.93,99.81,0,0.18,0.01,,,79.15,0.44,0,20.41,,,,,24
HDPE,undoped BaTiO3,,39,98.53,127.03,0.24,950,240,350,,30,5,84.74,11.65,0.02,0.66,2.93,99.81,0,0.18,0.01,,,81.97,12.32,0,5.71,,,,,24
HDPE,undoped BaTiO3,,19,98.53,127.03,0.24,950,240,350,,30,5,84.74,11.65,0.02,0.66,2.93,99.81,0,0.18,0.01,,,70.35,21.2,0,8.45,,,,,24
HDPE,undoped BaTiO3,,9,98.53,127.03,0.24,950,240,350,,30,5,84.74,11.65,0.02,0.66,2.93,99.81,0,0.18,0.01,,,65.45,23.19,0,11.36,,,,,24
HDPE,pb/BaTiO3,,199,198.88,127.01,0.62,950,240,350,,30,5,84.74,11.65,0.02,0.66,2.93,99.81,0,0.18,0.01,,,83.21,10.16,0,6.63,,,,,24
HDPE,pb/BaTiO3,,99,198.88,127.01,0.62,950,240,350,,30,5,84.74,11.65,0.02,0.66,2.93,99.81,0,0.18,0.01,,,76.64,14.5,0,8.86,,,,,24
HDPE,pb/BaTiO3,,39,198.88,127.01,0.62,950,240,350,,30,5,84.74,11.65,0.02,0.66,2.93,99.81,0,0.18,0.01,,,74.85,15.48,0,9.67,,,,,24
HDPE,pb/BaTiO3,,19,198.88,127.01,0.62,950,240,350,,30,5,84.74,11.65,0.02,0.66,2.93,99.81,0,0.18,0.01,,,70.38,19.14,0,10.48,,,,,24
HDPE,pb/BaTiO3,,9,198.88,127.01,0.62,950,240,350,,30,5,84.74,11.65,0.02,0.66,2.93,99.81,0,0.18,0.01,,,68.41,20.14,0,11.45,,,,,24
HDPE,Co/BaTiO3,,199,131.52,129.5,0.38,950,240,350,,30,5,84.74,11.65,0.02,0.66,2.93,99.81,0,0.18,0.01,,,73.17,18.33,0,8.5,,,,,24
HDPE,Co/BaTiO3,,99,131.52,129.5,0.38,950,240,350,,30,5,84.74,11.65,0.02,0.66,2.93,99.81,0,0.18,0.01,,,83.43,12.52,0,4.05,,,,,24
HDPE,Co/BaTiO3,,39,131.52,129.5,0.38,950,240,350,,30,5,84.74,11.65,0.02,0.66,2.93,99.81,0,0.18,0.01,,,78.63,20.67,0,0.7,,,,,24
HDPE,Co/BaTiO3,,19,131.52,129.5,0.38,950,240,350,,30,5,84.74,11.65,0.02,0.66,2.93,99.81,0,0.18,0.01,,,70.54,28.89,0,0.57,,,,,24
HDPE,Co/BaTiO3,,9,131.52,129.5,0.38,950,240,350,,30,5,84.74,11.65,0.02,0.66,2.93,99.81,0,0.18,0.01,,,60.72,38.8,0,0.48,,,,,24
HDPE,pb-Co/BaTiO3,,199,269.59,130.36,0.87,950,240,350,,30,5,84.74,11.65,0.02,0.66,2.93,99.81,0,0.18,0.01,,,69.82,29.04,0,1.14,,,,,24
HDPE,pb-Co/BaTiO3,,99,269.59,130.36,0.87,950,240,350,,30,5,84.74,11.65,0.02,0.66,2.93,99.81,0,0.18,0.01,,,85.17,10.1,0,4.73,,,,,24
HDPE,pb-Co/BaTiO3,,39,269.59,130.36,0.87,950,240,350,,30,5,84.74,11.65,0.02,0.66,2.93,99.81,0,0.18,0.01,,,74.64,18.05,0,7.31,,,,,24
HDPE,pb-Co/BaTiO3,,19,269.59,130.36,0.87,950,240,350,,30,5,84.74,11.65,0.02,0.66,2.93,99.81,0,0.18,0.01,,,52.95,46.69,0,0.36,,,,,24
HDPE,pb-Co/BaTiO3,,9,269.59,130.36,0.87,950,240,350,,30,5,84.74,11.65,0.02,0.66,2.93,99.81,0,0.18,0.01,,,48.25,50.15,0,1.6,,,,,24
LDPE,BAC/MgO,2,0.5,1095.48,,0.7465,,,500,70,20,,,,,,,,,,,,,72,23.9,0,4.1,,,,,25
LDPE,BAC/MgO,2,0.5,1095.48,,0.7465,,,500,70,20,,,,,,,,,,,,,71.5,21.7,0,6.8,,,,,25
LDPE,BAC/MgO,2,0.5,1095.48,,0.7465,,,500,70,20,,,,,,,,,,,,,81,15.1,0,3.9,,,,,25
LDPE,BAC/MgO,2,2,1095.48,,0.7465,,,500,70,20,,,,,,,,,,,,,79.5,19.2,0,1.3,,,,,25
LDPE,BAC/MgO,2,1,1095.48,,0.7465,,,500,70,20,,,,,,,,,,,,,70.5,26.8,0,2.7,,,,,25
LDPE,BAC/MgO,2,0.33,1095.48,,0.7465,,,500,70,20,,,,,,,,,,,,,68.5,29,0,2.5,,,,,25
LDPE,BAC/MgO,2,0.5,1095.48,,0.7465,,,450,70,20,,,,,,,,,,,,,60.9,17.7,0,21.4,,,,,25
LDPE,BAC/MgO,2,0.5,1095.48,,0.7465,,,550,70,20,,,,,,,,,,,,,70,25.5,0,4.5,,,,,25
LDPE,BAC/MgO,2,0.5,1095.48,,0.7465,,,600,70,20,,,,,,,,,,,,,68.5,29.3,0,2.2,,,,,25
LDPE,ZSM-5,5,2,361,4.11,0.206,550,180,450,100,,15,,,,,,,,,,,,54.6,29.7,0,15.7,,,,,29
LDPE,ZSM-5,5,2,361,4.11,0.206,550,180,500,100,,15,,,,,,,,,,,,59.9,38.3,0,1.8,,,,,29
LDPE,ZSM-5,5,2,361,4.11,0.206,550,180,550,100,,15,,,,,,,,,,,,50.1,48.4,0,1.5,,,,,29
LDPE,ZSM-5,5,2,361,4.11,0.206,550,180,600,100,,15,,,,,,,,,,,,44.9,53.8,0,1.3,,,,,29
LDPE,ZSM-5,5,2,361,4.11,0.206,550,180,650,100,,15,,,,,,,,,,,,37.9,61.4,0,0.7,,,,,29
LDPE,HY,5,2,701,8.11,0.392,550,180,450,100,,15,,,,,,,,,,,,59.5,30.5,0,10.1,,,,,29
LDPE,HY,5,2,701,8.11,0.392,550,180,500,100,,15,,,,,,,,,,,,60.9,34.6,0,4.5,,,,,29
LDPE,HY,5,2,701,8.11,0.392,550,180,550,100,,15,,,,,,,,,,,,55.1,41.3,0,3.7,,,,,29
LDPE,HY,5,2,701,8.11,0.392,550,180,600,100,,15,,,,,,,,,,,,38.9,58.1,0,3,,,,,29
LDPE,HY,5,2,701,8.11,0.392,550,180,650,100,,15,,,,,,,,,,,,30.2,67.1,0,2.7,,,,,29
LDPE,MCM-41,5,2,962,36.53,0.718,550,180,450,100,,15,,,,,,,,,,,,51.1,8.3,0,40.6,,,,,29
LDPE,MCM-41,5,2,962,36.53,0.718,550,180,500,100,,15,,,,,,,,,,,,60.4,15.5,0,23.8,,,,,29
LDPE,MCM-41,5,2,962,36.53,0.718,550,180,550,100,,15,,,,,,,,,,,,69.5,17.3,0,13.3,,,,,29
LDPE,MCM-41,5,2,962,36.53,0.718,550,180,600,100,,15,,,,,,,,,,,,72.9,19.1,0,8,,,,,29
LDPE,MCM-41,5,2,962,36.53,0.718,550,180,650,100,,15,,,,,,,,,,,,78.4,20,0,1.6,,,,,29
PE,P-AC-10% (residence time=3sec),10,2.5,18.7,172.6,0.022,600,90,550,,60,20,,,,,,,,,,,,27,71.8,,,,,,,16
PE,P-AC-20% (residence time=3sec),10,2.5,21,137.7,0.053,600,90,550,,60,20,,,,,,,,,,,,31.2,66.5,,,,,,,16
PE,P-AC-30% (residence time=3sec),10,2.5,62.2,59.4,0.083,600,90,550,,60,20,,,,,,,,,,,,35.1,61.2,,,,,,,16
PE,P-AC-30% (residence time=1sec),10,2.5,62.2,59.4,0.083,600,90,550,,60,20,,,,,,,,,,,,28.4,70,,,,,,,16
PE,P-AC-30% (residence time=2sec),10,2.5,62.2,59.4,0.083,600,90,550,,60,20,,,,,,,,,,,,31.3,66.2,,,,,,,16
PE,P-AC-30% (residence time=4sec),10,2.5,62.2,59.4,0.083,600,90,550,,60,20,,,,,,,,,,,,40.6,55.3,,,,,,,16
PE,P-AC-30% (residence time=5sec),10,2.5,62.2,59.4,0.083,600,90,550,,60,20,,,,,,,,,,,,40.8,54.6,,,,,,,16
PE,P-AC-40% (residence time=3sec),10,2.5,742.9,50,0.86,600,90,550,,60,20,,,,,,,,,,,,37.5,56.4,,,,,,,16
PE,P-AC-50% (residence time=3sec),10,2.5,630.1,57.9,0.851,600,90,550,,60,20,,,,,,,,,,,,41.8,50.5,,,,,,,16
Br-HIPS,HY,10,9,670.97,22.5,0.377,,,410,30,90,10,79.5,6.8,0.1,0,1.1,99.5,0.1,0.4,0,,,33,12,39,16,,,,,31
Br-HIPS,HBeta,10,9,525.04,28.2,0.371,,,410,30,90,10,79.5,6.8,0.1,0,1.1,99.5,0.1,0.4,0,,,33,19.5,28,19.5,,,,,31
Br-HIPS,HZSM-5,10,9,287.27,22.7,0.164,,,410,30,90,10,79.5,6.8,0.1,0,1.1,99.5,0.1,0.4,0,,,52,19,18,11,,,,,31
Br-HIPS,All silica MCM-41,10,9,1091.98,35.1,0.958,,,410,30,90,10,79.5,6.8,0.1,0,1.1,99.5,0.1,0.4,0,,,70,10,8,12,,,,,31
Br-HIPS,Al2O3,10,9,215.52,80.5,0.434,,,410,30,90,10,79.5,6.8,0.1,0,1.1,99.5,0.1,0.4,0,,,61,11,17,11,,,,,31
HDPE,clay catalyst,50,33.12,,,,,,300,,,,,,,,,,,,,,,47.56,35.89,,16.55,,,,,18
HDPE,clay catalyst,50,19,,,,,,200,,,,,,,,,,,,,,,19.23,19.57,,61.2,,,,,18
HDPE,clay catalyst,50,4.86,,,,,,300,,,,,,,,,,,,,,,50.12,39.65,,10.23,,,,,18
HDPE,clay catalyst,50,9,,,,,,441.42,,,,,,,,,,,,,,,21.48,69.68,,8.84,,,,,18
HDPE,clay catalyst,50,9,,,,,,300,,,,,,,,,,,,,,,87.01,1.71,,11.28,,,,,18
HDPE,clay catalyst,50,9,,,,,,300,,,,,,,,,,,,,,,87.27,1.45,,11.27,,,,,18
HDPE,clay catalyst,50,19,,,,,,400,,,,,,,,,,,,,,,38.06,52.57,,9.37,,,,,18
HDPE,clay catalyst,50,9,,,,,,300,,,,,,,,,,,,,,,87.09,1.61,,11.3,,,,,18
HDPE,clay catalyst,50,5.67,,,,,,200,,,,,,,,,,,,,,,22.54,22.01,,55.45,,,,,18
HDPE,clay catalyst,50,9,,,,,,158.58,,,,,,,,,,,,,,,0,1.46,,98.54,,,,,18
HDPE,clay catalyst,50,5.67,,,,,,400,,,,,,,,,,,,,,,37.96,52.02,,10.02,,,,,18
HDPE,clay catalyst,50,9,,,,,,300,,,,,,,,,,,,,,,87.27,1.47,,11.26,,,,,18
HDPE,clay catalyst,50,9,,,,,,300,,,,,,,,,,,,,,,87.02,1.58,,11.4,,,,,18
PP,clay catalyst,,9,,,,,,300,,,,,,,,,,,,,,,60.4,24.92,,14.68,,,,,18
PP,clay catalyst,,5.67,,,,,,200,,,,,,,,,,,,,,,9.36,21.34,,69.3,,,,,18
PP,clay catalyst,,9,,,,,,300,,,,,,,,,,,,,,,60.14,24.66,,15.2,,,,,18
PP,clay catalyst,,9,,,,,,300,,,,,,,,,,,,,,,60.18,24.57,,15.25,,,,,18
PP,clay catalyst,,9,,,,,,300,,,,,,,,,,,,,,,60.36,24.73,,14.91,,,,,18
PP,clay catalyst,,19,,,,,,400,,,,,,,,,,,,,,,40.1,52.63,,7.27,,,,,18
PP,clay catalyst,,9,,,,,,158.58,,,,,,,,,,,,,,,0,1.28,,98.72,,,,,18
PP,clay catalyst,,9,,,,,,300,,,,,,,,,,,,,,,60.72,24.94,,14.34,,,,,18
PP,clay catalyst,,33.13,,,,,,300,,,,,,,,,,,,,,,43.82,50,,6.18,,,,,18
PP,clay catalyst,,9,,,,,,441.42,,,,,,,,,,,,,,,38.01,51.81,,10.18,,,,,18
PP,clay catalyst,,19,,,,,,200,,,,,,,,,,,,,,,20.7,23.54,,55.75,,,,,18
PP,clay catalyst,,4.86,,,,,,300,,,,,,,,,,,,,,,44.68,38.96,,16.36,,,,,18
PP,clay catalyst,,5.67,,,,,,400,,,,,,,,,,,,,,,52.2,29.25,,18.55,,,,,18
PS,clay catalyst,,4.86,,,,,,450,,,,,,,,,,,,,,,77.47,6.3,,16.23,,,,,18
PS,clay catalyst,,9,,,,,,308.58,,,,,,,,,,,,,,,64.02,7.8,,28.18,,,,,18
PS,clay catalyst,,9,,,,,,450,,,,,,,,,,,,,,,93.86,2.54,,3.6,,,,,18
PS,clay catalyst,,19,,,,,,350,,,,,,,,,,,,,,,77.14,10.48,,12.38,,,,,18
PS,clay catalyst,,5.67,,,,,,350,,,,,,,,,,,,,,,71.79,13.43,,14.78,,,,,18
PS,clay catalyst,,19,,,,,,550,,,,,,,,,,,,,,,67.01,25.37,,7.62,,,,,18
PS,clay catalyst,,19,,,,,,450,,,,,,,,,,,,,,,93.45,2,,4.55,,,,,18
PS,clay catalyst,,19,,,,,,450,,,,,,,,,,,,,,,92.73,4.54,,2.73,,,,,18
PS,clay catalyst,,19,,,,,,450,,,,,,,,,,,,,,,93.27,3.09,,3.64,,,,,18
PS,clay catalyst,,19,,,,,,591.42,,,,,,,,,,,,,,,54.55,34.11,,11.34,,,,,18
PS,clay catalyst,,19,,,,,,450,,,,,,,,,,,,,,,93.18,2.27,,4.55,,,,,18
PS,clay catalyst,,5.67,,,,,,550,,,,,,,,,,,,,,,65.22,20,,14.78,,,,,18
PS,clay catalyst,,33.13,,,,,,450,,,,,,,,,,,,,,,84.54,3.79,,11.67,,,,,18
LDPE,ZnO,50,100,,,,,,300,30,120,,,,,,,,,,,,,54.4,20,0.85,24.75,,,,,20
LDPE,ZnO,50,83.33,,,,,,300,30,120,,,,,,,,,,,,43.15,67.3,9.55,0,23.15,,,,,20
LDPE,ZnO,50,71.43,,,,,,300,30,120,,,,,,,,,,,,,65,9.3,0,25.7,,,,,20
PS,Natural Zeolite,1010,10,4.3,18.7,0.02,,,450,50,75,10,,,,,,,,,,39.3,41.7,54,12.8,0,32.8,,,,,33
PS,Synthetic Zeolite,1010,10,780,,,,,450,50,75,10,,,,,,,,,,39.3,40.6,50,22.6,0,27.4,,,,,33
PS,silica-alumina,,20,,,,,,350,,,20,,,,,,,,,,,,65,3.5,,31.5,,,,,
PS,silica-alumina,,20,,,,,,370,,,20,,,,,,,,,,,,78.8,2.4,,18.8,,,,,
PS,silica-alumina,,20,,,,,,390,,,20,,,,,,,,,,,,95.7,1.4,,2.9,,,,,
PS,silica-alumina,,20,,,,,,410,,,20,,,,,,,,,,,,97.3,1,,1.7,,,,,
PS,silica-alumina,,10,,,,,,370,,,20,,,,,,,,,,,,84,3.3,,12.7,,,,,
PS,silica-alumina,,5,,,,,,370,,,20,,,,,,,,,,,,82.7,3.9,,13.4,,,,,
PS,silica-alumina,,3.33,,,,,,370,,,20,,,,,,,,,,,,78.8,6.2,,15,,,,,
LDPE,DeLaZSM-5,10,20,,,,,,330,30,,,,,,,,,,,,,,48.8,49,,2.2,,,,,46
PP,DeLaZSM-5,10,20,,,,,,330,30,,,,,,,,,,,,,,58.8,38.2,,3,,,,,46
LDPE,ZSM-5,20,2,412.2,,0.4,550,30,480,1000,10,10,,,,,,,,,,,,27.44,67.44,1.84,2.98,,,,,37
LDPE,ZSM-5,20,4,412.2,,0.4,550,30,480,1000,10,10,,,,,,,,,,,,26.41,69.56,1.82,2.21,,,,,37
LDPE,ZSM-5,20,1.32,412.2,,0.4,550,30,480,1000,10,10,,,,,,,,,,,,26.57,70.57,1.88,0.98,,,,,37
LDPE,ZSM-5,20,3,412.2,,0.4,550,30,480,1000,10,10,,,,,,,,,,,,24.44,73.2,1.84,0.52,,,,,37
LDPE,ZSM-5,20,3,412.2,,0.4,550,30,480,1000,10,10,,,,,,,,,,,,27.38,67.28,1.85,3.49,,,,,37
LDPE,ZSM-5,20,3,412.2,,0.4,550,30,480,1000,10,10,,,,,,,,,,,,24.56,72.96,1.93,0.54,,,,,37
LDPE,ZSM-5,20,3,412.2,,0.4,550,30,480,1000,10,10,,,,,,,,,,,,24.44,73.02,1.89,0.65,,,,,37
LDPE,ZSM-5,20,3,412.2,,0.4,550,30,480,1000,10,10,,,,,,,,,,,,24.74,72.81,1.89,0.55,,,,,37
LDPE,ZSM-5,20,3,412.2,,0.4,550,30,480,1000,10,10,,,,,,,,,,,,24.94,72.73,1.78,0.55,,,,,37
LDPE,ZSM-5,20,2,412.2,,0.4,550,30,480,1000,10,10,,,,,,,,,,,,32.08,65.77,1.81,0.34,,,,,37
LDPE,ZSM-5,20,3,412.2,,0.4,550,30,480,1000,10,10,,,,,,,,,,,,24.2,73.5,1.79,0.5,,,,,37
LDPE,ZSM-5,20,4.68,412.2,,0.4,550,30,480,1000,10,10,,,,,,,,,,,,22.16,75.59,1.86,0.4,,,,,37
LDPE,ZSM-5,20,3,412.2,,0.4,550,30,480,1000,10,10,,,,,,,,,,,,29.7,68.22,1.83,0.25,,,,,37
LDPE,ZSM-5,20,4,412.2,,0.4,550,30,480,1000,10,10,,,,,,,,,,,,26.48,69.74,1.79,1.99,,,,,37
LDPE,ZSM-5,20,3,412.2,,0.4,550,30,480,1000,10,10,,,,,,,,,,,,24.92,72.54,1.94,0.6,,,,,37
LDPE,ZSM-5,20,4,412.2,,0.4,550,30,480,1000,10,10,,,,,,,,,,,,27.14,70.84,1.82,0.2,,,,,37
LDPE,ZSM-5,20,4,412.2,,0.4,550,30,480,1000,10,10,,,,,,,,,,,,27.39,70.63,1.88,0.1,,,,,37
LDPE,ZSM-5,20,2,412.2,,0.4,550,30,480,1000,10,10,,,,,,,,,,,,32.58,65.13,1.89,0.4,,,,,37
LDPE,ZSM-5,20,2,412.2,,0.4,550,30,480,1000,10,10,,,,,,,,,,,,27.21,67.74,1.8,3.25,,,,,37
LDPE,ZSM-5,20,3,412.2,,0.4,550,30,480,1000,10,10,,,,,,,,,,,,25.04,72.53,1.85,0.58,,,,,37
HDPE,FCC catalyst,100,10,,,,,,450,,,25,,,,,,,,,,,,90.3,6.3,,3.4,,,,,46
HDPE,FCC catalyst,100,20,235,,,,,420,,,25,,,,,,,,,,,,89.1,6.7,17.68,4.2,,,,,46
HDPE,FCC catalyst,100,20,235,,,,,450,,,25,,,,,,,,,,,,91.2,4.1,14.95,4.7,,,,,46
HDPE,FCC catalyst,100,20,235,,,,,480,,,25,,,,,,,,,,,,85.3,8.8,13.37,5.9,,,,,46
HDPE,FCC catalyst,100,20,235,,,,,510,,,25,,,,,,,,,,,,79.5,12.9,11.55,7.6,,,,,46
HDPE,FCC catalyst,100,40,,,,,,450,,,25,,,,,,,,,,,,87.2,7.4,,5.4,,,,,46
HDPE,FCC catalyst,100,60,,,,,,450,,,25,,,,,,,,,,,,85,8.8,,6.2,,,,,46
LDPE,Zeolite,1000,10,,,,,,475,,90,10,,,,,,,,,,,,50,42,,8,,,,,45
LDPE,ZSM-5 (Com),1000,10,,,,,,475,,90,10,,,,,,,,,,,,70,16,,14,,,,,45
LDPE,ZSM-5 (Syn),1000,10,,,,,,475,,90,10,,,,,,,,,,,,46,12,,42,,,,,45
LDPE,Mordenite,1000,10,,,,,,475,,90,10,,,,,,,,,,,,44,36,,20,,,,,45
LDPE,Gamma alumina,1000,10,,,,,,475,,90,10,,,,,,,,,,,,40,32,,28,,,,,45
HDPE,Zeolite,1000,10,,,,,,475,,90,10,,,,,,,,,,,,52,11,,37,,,,,45
PP,Zeolite,1000,10,,,,,,475,,90,10,,,,,,,,,,,,32,31,,37,,,,,45
BOPP,Zeolite,1000,1,,,,,,475,,90,10,,,,,,,,,,,,60,25,,15,,,,,45
METBOPP,Zeolite,1000,1,,,,,,475,,90,10,,,,,,,,,,,,60,25,,15,,,,,45
PET,Zeolite,1000,10,,,,,,475,,90,10,,,,,,,,,,,,10,42,,48,,,,,45
